[1] , [1] , [170]
[2] , [1] , [85]
[3] , [1] , [66]
[4] , [1] , [66]
[5] , [1] , [71]
[6] , [1] , [177]
[7] , [1] , [89]
[8] , [1] , [83]
[9] , [1] , [156]
[10] , [1] , [108]
[11] , [1] , [140]
[12] , [1] , [149]
[13] , [1] , [120]
[14] , [1] , [89]
[15] , [1] , [54]
[16] , [1] , [127]
[17] , [1] , [81]
[18] , [1] , [72]
[19] , [1] , [106]
[20] , [1] , [102]
[21] , [1] , [166]
[22] , [1] , [133]
[23] , [1] , [117]
[24] , [1] , [138]
[25] , [1] , [172]
[26] , [1] , [151]
[27] , [1] , [155]
[28] , [1] , [106]
[29] , [1] , [154]
[30] , [1] , [168]
[31] , [1] , [54]
[1] , [2] , [196]
[2] , [2] , [146]
[3] , [2] , [86]
[4] , [2] , [80]
[5] , [2] , [75]
[6] , [2] , [165]
[7] , [2] , [65]
[8] , [2] , [200]
[9] , [2] , [55]
[10] , [2] , [72]
[11] , [2] , [135]
[12] , [2] , [51]
[13] , [2] , [183]
[14] , [2] , [176]
[15] , [2] , [56]
[16] , [2] , [165]
[17] , [2] , [151]
[18] , [2] , [110]
[19] , [2] , [72]
[20] , [2] , [126]
[21] , [2] , [189]
[22] , [2] , [117]
[23] , [2] , [196]
[24] , [2] , [104]
[25] , [2] , [181]
[26] , [2] , [173]
[27] , [2] , [53]
[28] , [2] , [69]
[1] , [3] , [172]
[2] , [3] , [186]
[3] , [3] , [122]
[4] , [3] , [174]
[5] , [3] , [54]
[6] , [3] , [124]
[7] , [3] , [180]
[8] , [3] , [158]
[9] , [3] , [92]
[10] , [3] , [171]
[11] , [3] , [147]
[12] , [3] , [164]
[13] , [3] , [87]
[14] , [3] , [90]
[15] , [3] , [177]
[16] , [3] , [149]
[17] , [3] , [152]
[18] , [3] , [86]
[19] , [3] , [83]
[20] , [3] , [52]
[21] , [3] , [92]
[22] , [3] , [113]
[23] , [3] , [74]
[24] , [3] , [150]
[25] , [3] , [153]
[26] , [3] , [87]
[27] , [3] , [138]
[28] , [3] , [196]
[29] , [3] , [127]
[30] , [3] , [167]
[31] , [3] , [200]
[1] , [4] , [187]
[2] , [4] , [80]
[3] , [4] , [130]
[4] , [4] , [79]
[5] , [4] , [167]
[6] , [4] , [163]
[7] , [4] , [185]
[8] , [4] , [170]
[9] , [4] , [191]
[10] , [4] , [184]
[11] , [4] , [129]
[12] , [4] , [160]
[13] , [4] , [54]
[14] , [4] , [162]
[15] , [4] , [171]
[16] , [4] , [55]
[17] , [4] , [182]
[18] , [4] , [173]
[19] , [4] , [154]
[20] , [4] , [140]
[21] , [4] , [61]
[22] , [4] , [86]
[23] , [4] , [148]
[24] , [4] , [112]
[25] , [4] , [136]
[26] , [4] , [119]
[27] , [4] , [71]
[28] , [4] , [85]
[29] , [4] , [116]
[30] , [4] , [71]
[1] , [5] , [127]
[2] , [5] , [133]
[3] , [5] , [64]
[4] , [5] , [75]
[5] , [5] , [106]
[6] , [5] , [91]
[7] , [5] , [146]
[8] , [5] , [112]
[9] , [5] , [69]
[10] , [5] , [124]
[11] , [5] , [85]
[12] , [5] , [182]
[13] , [5] , [62]
[14] , [5] , [199]
[15] , [5] , [147]
[16] , [5] , [161]
[17] , [5] , [143]
[18] , [5] , [127]
[19] , [5] , [86]
[20] , [5] , [104]
[21] , [5] , [88]
[22] , [5] , [106]
[23] , [5] , [186]
[24] , [5] , [162]
[25] , [5] , [194]
[26] , [5] , [79]
[27] , [5] , [165]
[28] , [5] , [83]
[29] , [5] , [156]
[30] , [5] , [55]
[31] , [5] , [195]
[1] , [6] , [144]
[2] , [6] , [163]
[3] , [6] , [101]
[4] , [6] , [174]
[5] , [6] , [62]
[6] , [6] , [191]
[7] , [6] , [178]
[8] , [6] , [133]
[9] , [6] , [69]
[10] , [6] , [193]
[11] , [6] , [114]
[12] , [6] , [130]
[13] , [6] , [99]
[14] , [6] , [86]
[15] , [6] , [110]
[16] , [6] , [183]
[17] , [6] , [83]
[18] , [6] , [63]
[19] , [6] , [125]
[20] , [6] , [145]
[21] , [6] , [78]
[22] , [6] , [99]
[23] , [6] , [184]
[24] , [6] , [72]
[25] , [6] , [132]
[26] , [6] , [72]
[27] , [6] , [194]
[28] , [6] , [131]
[29] , [6] , [168]
[30] , [6] , [90]
[1] , [7] , [72]
[2] , [7] , [157]
[3] , [7] , [111]
[4] , [7] , [164]
[5] , [7] , [59]
[6] , [7] , [80]
[7] , [7] , [169]
[8] , [7] , [166]
[9] , [7] , [152]
[10] , [7] , [118]
[11] , [7] , [60]
[12] , [7] , [182]
[13] , [7] , [183]
[14] , [7] , [163]
[15] , [7] , [190]
[16] , [7] , [146]
[17] , [7] , [81]
[18] , [7] , [54]
[19] , [7] , [86]
[20] , [7] , [123]
[21] , [7] , [142]
[22] , [7] , [110]
[23] , [7] , [140]
[24] , [7] , [184]
[25] , [7] , [149]
[26] , [7] , [130]
[27] , [7] , [72]
[28] , [7] , [60]
[29] , [7] , [58]
[30] , [7] , [198]
[31] , [7] , [103]
[1] , [8] , [126]
[2] , [8] , [99]
[3] , [8] , [68]
[4] , [8] , [121]
[5] , [8] , [178]
[6] , [8] , [71]
[7] , [8] , [138]
[8] , [8] , [109]
[9] , [8] , [60]
[10] , [8] , [55]
[11] , [8] , [55]
[12] , [8] , [174]
[13] , [8] , [67]
[14] , [8] , [55]
[15] , [8] , [164]
[16] , [8] , [98]
[17] , [8] , [125]
[18] , [8] , [65]
[19] , [8] , [136]
[20] , [8] , [158]
[21] , [8] , [185]
[22] , [8] , [151]
[23] , [8] , [197]
[24] , [8] , [167]
[25] , [8] , [168]
[26] , [8] , [100]
[27] , [8] , [166]
[28] , [8] , [122]
[29] , [8] , [64]
[30] , [8] , [83]
[31] , [8] , [184]
[1] , [9] , [67]
[2] , [9] , [139]
[3] , [9] , [178]
[4] , [9] , [95]
[5] , [9] , [166]
[6] , [9] , [167]
[7] , [9] , [67]
[8] , [9] , [161]
[9] , [9] , [116]
[10] , [9] , [168]
[11] , [9] , [109]
[12] , [9] , [160]
[13] , [9] , [94]
[14] , [9] , [199]
[15] , [9] , [187]
[16] , [9] , [95]
[17] , [9] , [193]
[18] , [9] , [80]
[19] , [9] , [170]
[20] , [9] , [142]
[21] , [9] , [159]
[22] , [9] , [59]
[23] , [9] , [70]
[24] , [9] , [194]
[25] , [9] , [63]
[26] , [9] , [74]
[27] , [9] , [165]
[28] , [9] , [68]
[29] , [9] , [90]
[30] , [9] , [97]
[1] , [10] , [132]
[2] , [10] , [147]
[3] , [10] , [155]
[4] , [10] , [156]
[5] , [10] , [97]
[6] , [10] , [163]
[7] , [10] , [69]
[8] , [10] , [61]
[9] , [10] , [139]
[10] , [10] , [148]
[11] , [10] , [124]
[12] , [10] , [146]
[13] , [10] , [133]
[14] , [10] , [91]
[15] , [10] , [165]
[16] , [10] , [63]
[17] , [10] , [121]
[18] , [10] , [71]
[19] , [10] , [108]
[20] , [10] , [174]
[21] , [10] , [128]
[22] , [10] , [102]
[23] , [10] , [191]
[24] , [10] , [136]
[25] , [10] , [76]
[26] , [10] , [200]
[27] , [10] , [128]
[28] , [10] , [63]
[29] , [10] , [77]
[30] , [10] , [172]
[31] , [10] , [126]
[1] , [11] , [152]
[2] , [11] , [87]
[3] , [11] , [101]
[4] , [11] , [75]
[5] , [11] , [195]
[6] , [11] , [131]
[7] , [11] , [194]
[8] , [11] , [145]
[9] , [11] , [146]
[10] , [11] , [139]
[11] , [11] , [75]
[12] , [11] , [78]
[13] , [11] , [138]
[14] , [11] , [61]
[15] , [11] , [140]
[16] , [11] , [157]
[17] , [11] , [124]
[18] , [11] , [83]
[19] , [11] , [111]
[20] , [11] , [94]
[21] , [11] , [134]
[22] , [11] , [66]
[23] , [11] , [95]
[24] , [11] , [65]
[25] , [11] , [60]
[26] , [11] , [101]
[27] , [11] , [157]
[28] , [11] , [164]
[29] , [11] , [121]
[30] , [11] , [60]
[1] , [12] , [52]
[2] , [12] , [184]
[3] , [12] , [115]
[4] , [12] , [53]
[5] , [12] , [108]
[6] , [12] , [99]
[7] , [12] , [64]
[8] , [12] , [102]
[9] , [12] , [186]
[10] , [12] , [117]
[11] , [12] , [94]
[12] , [12] , [119]
[13] , [12] , [197]
[14] , [12] , [168]
[15] , [12] , [89]
[16] , [12] , [199]
[17] , [12] , [79]
[18] , [12] , [175]
[19] , [12] , [142]
[20] , [12] , [145]
[21] , [12] , [130]
[22] , [12] , [90]
[23] , [12] , [63]
[24] , [12] , [109]
[25] , [12] , [181]
[26] , [12] , [116]
[27] , [12] , [170]
[28] , [12] , [126]
[29] , [12] , [78]
[30] , [12] , [114]
[31] , [12] , [151]
